kind,name,brand,type,width,depth,height,sill,color,stories,floorheight,parapet,material
equipment,Single-phase pad-mount transformer 50 kVA,ERMCO,pad-transformers,3.2,3,2.6,,#e4b34a,,,,
equipment,Single-phase pad-mount transformer 167 kVA,ERMCO,pad-transformers,3.6,3.3,3,,#e4b34a,,,,
equipment,Three-phase pad-mount transformer 75 kVA Cooper Power series,Eaton,pad-transformers,4.8,4.7,4.3,,#e4b34a,,,,
equipment,Three-phase pad-mount transformer 150 kVA Cooper Power serie,Eaton,pad-transformers,5.2,5,4.5,,#e4b34a,,,,
equipment,Three-phase pad-mount transformer 300 kVA,ABB,pad-transformers,5.5,5.4,4.7,,#e4b34a,,,,
equipment,Three-phase pad-mount transformer 500 kVA,ABB,pad-transformers,5.8,5.6,5,,#e4b34a,,,,
equipment,Three-phase pad-mount transformer 750 kVA,Prolec GE,pad-transformers,6.5,6,5.5,,#e4b34a,,,,
equipment,Three-phase pad-mount transformer 1000 kVA,Prolec GE,pad-transformers,7,6.3,5.8,,#e4b34a,,,,
equipment,Three-phase pad-mount transformer 1500 kVA,Howard Industries,pad-transformers,7.5,6.8,6.2,,#e4b34a,,,,
equipment,Three-phase pad-mount transformer 2000 kVA,Howard Industries,pad-transformers,8.2,7.3,6.8,,#e4b34a,,,,
equipment,Three-phase pad-mount transformer 2500 kVA Cooper Power seri,Eaton,pad-transformers,8.8,7.8,7.2,,#e4b34a,,,,
equipment,Three-phase pad-mount transformer 3000 kVA Cooper Power seri,Eaton,pad-transformers,9.3,8.3,7.5,,#e4b34a,,,,
equipment,Dry-type distribution transformer 75 kVA EX low-temp-rise,Square D,dry-type-transformers,2.3,2,3,,#e4b34a,,,,
equipment,Dry-type distribution transformer 150 kVA EX low-temp-rise,Square D,dry-type-transformers,2.8,2.5,4,,#e4b34a,,,,
equipment,Dry-type distribution transformer 300 kVA DS-3 ventilated dr,Eaton,dry-type-transformers,3.5,3.1,5,,#e4b34a,,,,
equipment,Dry-type distribution transformer 500 kVA Sentinel ventilate,Hammond Power Solutions,dry-type-transformers,4.2,3.6,5.6,,#e4b34a,,,,
equipment,Secondary unit substation 1000 kVA integrated unit substatio,Eaton,unit-substations,18,5.5,7.5,,#e4b34a,,,,
equipment,Secondary unit substation 1500 kVA unit substation (HVL + dr,Square D,unit-substations,22,6,7.5,,#e4b34a,,,,
equipment,Double-ended unit substation 2x2000 kVA,Eaton,unit-substations,45,6,7.5,,#e4b34a,,,,
equipment,LV switchboard distribution section QED-2,Square D,switchgear-switchboards,3,3,7.5,,#e4b34a,,,,
equipment,LV switchboard main section 4000A QED-2 w/ PowerPact/Masterp,Square D,switchgear-switchboards,3.8,4,7.5,,#e4b34a,,,,
equipment,LV switchboard distribution section Pow-R-Line C,Eaton,switchgear-switchboards,3,3,7.5,,#e4b34a,,,,
equipment,LV switchboard main section 3000A Pow-R-Line C w/ Magnum mai,Eaton,switchgear-switchboards,3.5,4,7.5,,#e4b34a,,,,
equipment,LV switchboard section SB3 switchboard,Siemens,switchgear-switchboards,3,3,7.5,,#e4b34a,,,,
equipment,LV switchboard section ReliaGear LV switchboard,ABB,switchgear-switchboards,3,3,7.5,,#e4b34a,,,,
equipment,LV drawout switchgear section Power-Zone 4,Square D,switchgear-switchboards,3,5,7.6,,#e4b34a,,,,
equipment,LV drawout switchgear section Magnum DS,Eaton,switchgear-switchboards,2.8,5,7.5,,#e4b34a,,,,
equipment,LV drawout switchgear section type WL switchgear,Siemens,switchgear-switchboards,3,5.5,7.5,,#e4b34a,,,,
equipment,LV drawout switchgear section AKD-20 (GE legacy),ABB,switchgear-switchboards,3,5.3,7.5,,#e4b34a,,,,
equipment,Lighting/appliance panelboard 42-circuit NQ,Square D,panelboards,1.7,0.5,4.2,,#e4b34a,,,,
equipment,Lighting/appliance panelboard 480Y/277V NF,Square D,panelboards,1.7,0.5,4.2,,#e4b34a,,,,
equipment,Power distribution panelboard 800-1200A I-Line HCP,Square D,panelboards,2.7,0.8,6.3,,#e4b34a,,,,
equipment,Lighting panelboard Pow-R-Line 1a,Eaton,panelboards,1.7,0.5,4,,#e4b34a,,,,
equipment,Panelboard P1,Siemens,panelboards,1.7,0.5,4.2,,#e4b34a,,,,
equipment,Pad-mounted MV switchgear PME-9,S&C,mv-gear,5.3,5.6,5.5,,#e4b34a,,,,
equipment,Pad-mounted MV switchgear PMH-9,S&C,mv-gear,7.5,5.4,5.6,,#e4b34a,,,,
equipment,Underground distribution switchgear (pad) Vista UDS,S&C,mv-gear,5.5,4.7,4.4,,#e4b34a,,,,
equipment,Solid-dielectric pad-mount switch Trident-SR,G&W Electric,mv-gear,5,4.2,4.6,,#e4b34a,,,,
equipment,MV metal-clad switchgear section 15kV VacClad-W,Eaton,mv-gear,3,8,7.9,,#e4b34a,,,,
equipment,MV metal-clad switchgear section 15kV SafeGear,ABB,mv-gear,3,8.3,7.9,,#e4b34a,,,,
equipment,MV metal-clad switchgear section 15kV GM-SG,Siemens,mv-gear,3,7.8,7.9,,#e4b34a,,,,
equipment,MV metal-enclosed load interrupter switch HVL/cc,Square D,mv-gear,3,4.5,7.5,,#e4b34a,,,,
equipment,Diesel genset 250 kW open skid C9 (D250),Caterpillar,generators,11.5,4.3,6.3,,#e4b34a,,,,
equipment,Diesel genset 300 kW sound-attenuated enclosure C9 w/ weathe,Caterpillar,generators,16,5.6,8,,#e4b34a,,,,
equipment,Diesel genset 500 kW open skid C15,Caterpillar,generators,13.8,5.4,7.3,,#e4b34a,,,,
equipment,Diesel genset 500 kW enclosed w/ sub-base tank C15 w/ SA enc,Caterpillar,generators,20,7,10,,#e4b34a,,,,
equipment,Diesel genset 1000 kW open skid C32,Caterpillar,generators,17.6,6.6,8.1,,#e4b34a,,,,
equipment,Diesel genset 1000 kW enclosed w/ belly tank C32 w/ SA enclo,Caterpillar,generators,30,8.5,11.5,,#e4b34a,,,,
equipment,Diesel genset 1500 kW open skid 3512B,Caterpillar,generators,21,7.3,9.5,,#e4b34a,,,,
equipment,Diesel genset 2000 kW open skid 3516B,Caterpillar,generators,23.5,8.2,10,,#e4b34a,,,,
equipment,Diesel genset 2500 kW in 40-ft ISO container 3516C container,Caterpillar,generators,40,8,9.5,,#e4b34a,,,,
equipment,Diesel genset 2000 kW open skid QSK60 series,Cummins,generators,22,8,10,,#e4b34a,,,,
equipment,Diesel genset 3000 kW open skid QSK95 series,Cummins,generators,27.5,9,12,,#e4b34a,,,,
equipment,Diesel genset 1000 kW enclosed KD1000,Kohler,generators,26,8,10,,#e4b34a,,,,
equipment,Diesel genset 2500 kW open skid KD2500,Kohler,generators,24.5,8.5,10.5,,#e4b34a,,,,
equipment,Diesel genset 1000 kW open skid 16V2000 DS1000,MTU (Rolls-Royce),generators,17,6.8,8,,#e4b34a,,,,
equipment,Diesel genset 3000 kW open skid 20V4000 DS3000,MTU (Rolls-Royce),generators,28,9,11,,#e4b34a,,,,
equipment,Natural gas genset 400 kW SG400,Generac,generators,12.5,5.5,7.5,,#e4b34a,,,,
equipment,Diesel genset 500 kW enclosed SD500,Generac,generators,18,6.5,9,,#e4b34a,,,,
equipment,"Containerized genset 1 MW class, 20-ft ISO 20-ft power modul",generic,generators,20,8,9.5,,#e4b34a,,,,
equipment,Sub-base (belly) fuel tank 1000 gal UL 142 sub-base tank,generic,generators,18,5.5,2,,#e4b34a,,,,
equipment,Sub-base (belly) fuel tank 4000 gal UL 142 sub-base tank,generic,generators,30,8.5,3.5,,#e4b34a,,,,
equipment,Above-ground protected tank 4000 gal UL 2085 concrete-encase,ConVault,diesel-fuel-tanks,17.3,8,6.2,,#e4b34a,,,,
equipment,Fireguard horizontal tank 12000 gal Fireguard UL 2085,Highland Tank,diesel-fuel-tanks,26,8,9,,#e4b34a,,,,
equipment,Double-wall horizontal tank 2000 gal UL 142 horizontal,generic,diesel-fuel-tanks,11,5.3,6,,#e4b34a,,,,
equipment,Bulk horizontal tank 25000 gal UL 142 / Fireguard,Highland Tank,diesel-fuel-tanks,32,10.5,11.5,,#e4b34a,,,,
equipment,Generator day tank 150 gal day tank w/ pump set,Pryco,diesel-fuel-tanks,3.5,2.5,3.5,,#e4b34a,,,,
equipment,UPS 550 kVA 9395-550,Eaton,ups,8.9,2.8,6.3,,#e4b34a,,,,
equipment,UPS 1100 kVA 9395-1100,Eaton,ups,17.5,2.8,6.3,,#e4b34a,,,,
equipment,UPS 150 kW modular 93PM,Eaton,ups,2.6,2.9,6.3,,#e4b34a,,,,
equipment,UPS 800 kVA Liebert EXL S1,Vertiv,ups,10.8,2.9,6.6,,#e4b34a,,,,
equipment,UPS 1200 kVA Liebert EXL S1,Vertiv,ups,11.5,3.3,6.6,,#e4b34a,,,,
equipment,UPS 300 kVA modular Liebert APM,Vertiv,ups,3.9,2.8,6.5,,#e4b34a,,,,
equipment,UPS 250 kVA Liebert EXM,Vertiv,ups,2.6,2.8,6.5,,#e4b34a,,,,
equipment,UPS 1000 kVA Galaxy VX,Schneider Electric,ups,14.8,2.8,6.6,,#e4b34a,,,,
equipment,UPS 100 kW Galaxy VS,Schneider Electric,ups,1.7,2.8,6.2,,#e4b34a,,,,
equipment,UPS 750 kVA 9900D,Mitsubishi Electric,ups,9.8,3.1,6.5,,#e4b34a,,,,
equipment,Utility-scale battery unit Megapack 2 XL,Tesla,battery-bess,29,5.4,9.2,,#e4b34a,,,,
equipment,Outdoor lithium BESS cabinet ~250 kWh liquid-cooled BESS cab,generic,battery-bess,4.5,4.5,8.2,,#e4b34a,,,,
equipment,Lithium-ion UPS battery cabinet HPL,Vertiv,battery-bess,2.6,2.9,6.6,,#e4b34a,,,,
equipment,VRLA UPS battery cabinet VRLA cabinet,generic,battery-bess,2.7,2.7,6.3,,#e4b34a,,,,
equipment,Lithium UPS battery rack UPS lithium rack,Samsung SDI,battery-bess,2.3,2.9,7.5,,#1f2937,,,,
equipment,"Open battery rack, 2-step open stationary rack",C&D Technologies,battery-bess,12,3,5,,#1f2937,,,,
equipment,Floor PDU 150 kVA Liebert PPC,Vertiv,pdu-rpp,4,2.7,6.4,,#e4b34a,,,,
equipment,Floor PDU 300 kVA Liebert PPC,Vertiv,pdu-rpp,5.4,2.8,6.4,,#e4b34a,,,,
equipment,Floor PDU 300-500 kVA PDI WaveStar TFA,Eaton,pdu-rpp,5.5,3,6.5,,#e4b34a,,,,
equipment,Remote power panel (RPP) PDI WaveStar RPP,Eaton,pdu-rpp,2,2,7,,#e4b34a,,,,
equipment,Static transfer switch 600A Liebert STS2,Vertiv,pdu-rpp,3.3,2.8,6.4,,#e4b34a,,,,
equipment,Overhead track busway 250A T5 Series,Starline (Legrand),busway,10,0.4,0.4,,#1f2937,,,,
equipment,Overhead track busway 800A T5 Series,Starline (Legrand),busway,10,0.55,0.55,,#1f2937,,,,
equipment,Feeder busway 3000A Pow-R-Way III,Eaton,busway,10,0.5,1.5,,#e4b34a,,,,
equipment,Plug-in busway 2000A I-Line II,Square D,busway,10,0.5,1.2,,#e4b34a,,,,
equipment,Plug-in busway 800A Sentron busway,Siemens,busway,10,0.4,0.8,,#e4b34a,,,,
equipment,Automatic transfer switch 260A 7000 Series,ASCO,ats,2,1.6,5,,#e4b34a,,,,
equipment,Automatic transfer switch 800A 7000 Series,ASCO,ats,2.9,2,6.3,,#e4b34a,,,,
equipment,Automatic transfer switch 3000A 7000 Series,ASCO,ats,4.8,4,7.5,,#e4b34a,,,,
equipment,Bypass-isolation ATS 2000A RTS Series,Russelectric,ats,6,4,7.5,,#e4b34a,,,,
equipment,PV module 550W bifacial 144-half-cell Hi-MO 5,LONGi,solar,7.4,3.7,0.1,,#e4b34a,,,,
equipment,PV module 480W 108-cell Q.PEAK DUO XL,Qcells,solar,7.3,3.6,0.1,,#e4b34a,,,,
equipment,String inverter 62 kW Sunny Tripower CORE1,SMA,solar,2,1.9,2.4,,#e4b34a,,,,
equipment,String inverter 100 kW wall-mount 3-phase string inverter,generic,solar,3.3,1.1,2.2,,#e4b34a,,,,
equipment,Central inverter + MV transformer skid MV turnkey inverter s,generic,solar,20,8,8.5,,#e4b34a,,,,
equipment,Level 2 dual-port pedestal charger CT4000,ChargePoint,ev-charging,0.9,0.6,6.5,,#e4b34a,,,,
equipment,DC fast charger 62.5 kW Express 250,ChargePoint,ev-charging,2.6,1.2,6.6,,#e4b34a,,,,
equipment,DC fast charger 50 kW Terra 54,ABB,ev-charging,2.9,2.5,6.2,,#e4b34a,,,,
equipment,DC fast charger 180 kW Terra 184,ABB,ev-charging,3.3,2.6,6.6,,#e4b34a,,,,
equipment,Supercharger dispenser post Supercharger V3,Tesla,ev-charging,1.7,0.9,8.5,,#e4b34a,,,,
equipment,Level 2 wall-mount charger 7-11 kW wallbox,generic,ev-charging,1.2,0.5,1.5,,#e4b34a,,,,
equipment,CT cabinet 800A utility CT cabinet,generic,utility,3,1,4,,#e4b34a,,,,
equipment,Meter stack 6-gang EZ Meter-Pak (EZM),Square D,utility,1.5,0.5,6,,#e4b34a,,,,
equipment,Meter stack module 3MM metering module,Eaton,utility,1.5,0.5,6,,#e4b34a,,,,
equipment,Single meter socket 200A 200A ringless socket,Milbank,utility,1.2,0.4,1.8,,#e4b34a,,,,
equipment,Utility metering switchboard section cold-sequence metering ,generic,utility,3,3,7.5,,#e4b34a,,,,
equipment,"Packaged rooftop unit, 3 ton Precedent YSC036",Trane,packaged-rtu,6.3,3.9,2.9,,#5ad7d2,,,,
equipment,"Packaged rooftop unit, 5 ton Precedent YSC060",Trane,packaged-rtu,7.4,4.6,3.3,,#5ad7d2,,,,
equipment,"Packaged rooftop unit, 10 ton Precedent YSC120",Trane,packaged-rtu,10.5,7.2,4.2,,#5ad7d2,,,,
equipment,"Packaged rooftop unit, 15 ton Voyager YHC150",Trane,packaged-rtu,12.6,7.3,4.8,,#5ad7d2,,,,
equipment,"Packaged rooftop unit, 25 ton Voyager YHC300",Trane,packaged-rtu,15.6,7.4,5.9,,#5ad7d2,,,,
equipment,"Large packaged rooftop unit, 40 ton IntelliPak SAHF40",Trane,packaged-rtu,25,7.4,7,,#5ad7d2,,,,
equipment,"Large packaged rooftop unit, 75 ton IntelliPak SAHF75",Trane,packaged-rtu,33,8.9,7.5,,#5ad7d2,,,,
equipment,"Large packaged rooftop unit, 130 ton IntelliPak II SXHK130",Trane,packaged-rtu,42,11,8.7,,#5ad7d2,,,,
equipment,"Packaged rooftop unit, 3 ton WeatherMaker 48TC04",Carrier,packaged-rtu,6.2,3.9,2.8,,#5ad7d2,,,,
equipment,"Packaged rooftop unit, 12.5 ton WeatherMaker 48TC14",Carrier,packaged-rtu,11.1,7.3,4.4,,#5ad7d2,,,,
equipment,"High-efficiency packaged RTU, 10 ton WeatherMaster 48HC12",Carrier,packaged-rtu,9.7,7.3,4.2,,#5ad7d2,,,,
equipment,"Large packaged rooftop unit, 30 ton WeatherMaker 48A2030",Carrier,packaged-rtu,20.5,7.4,7.3,,#5ad7d2,,,,
equipment,"Large packaged rooftop unit, 60 ton WeatherMaker 48A2060",Carrier,packaged-rtu,30,7.4,7.8,,#5ad7d2,,,,
equipment,"Packaged rooftop unit, 5 ton Energence LGH060",Lennox,packaged-rtu,7.8,4.9,3.5,,#5ad7d2,,,,
equipment,"Packaged rooftop unit, 20 ton Energence LGH240",Lennox,packaged-rtu,15.4,7.4,5.6,,#5ad7d2,,,,
equipment,"High-efficiency packaged RTU, 6 ton Rebel DPS006",Daikin,packaged-rtu,11.2,5.2,4,,#5ad7d2,,,,
equipment,"High-efficiency packaged RTU, 20 ton Rebel DPS020",Daikin,packaged-rtu,21,7.4,6.2,,#5ad7d2,,,,
equipment,"Large packaged rooftop unit, 50 ton Maverick II MPS050",Daikin,packaged-rtu,27,8.3,7.3,,#5ad7d2,,,,
equipment,"Semi-custom packaged RTU, 30 ton RN-030",AAON,packaged-rtu,19,7.3,7.3,,#5ad7d2,,,,
equipment,"Packaged rooftop unit, 12.5 ton Sunline ZF150",York,packaged-rtu,11.1,7.3,4.3,,#5ad7d2,,,,
equipment,"Residential-class condensing unit, 3 ton 24ACC636",Carrier,split-system-condensing-,2.9,2.9,3,,#5ad7d2,,,,
equipment,"Residential-class condensing unit, 4 ton XR14 4TTR4048",Trane,split-system-condensing-,2.9,2.9,3.7,,#5ad7d2,,,,
equipment,"Commercial condensing unit, 10 ton 38AUZ12",Carrier,split-system-condensing-,7.3,3.7,4.2,,#5ad7d2,,,,
equipment,"Commercial condensing unit, 20 ton TTA240",Trane,split-system-condensing-,7.4,7.3,4.4,,#5ad7d2,,,,
equipment,"Mini-split outdoor unit, 1.5 ton M-Series MUZ-GL18",Mitsubishi Electric,split-system-condensing-,2.8,1.1,2.9,,#5ad7d2,,,,
equipment,"Indoor DX air handler, 5 ton vertical TAM9 / TEM series",Trane,split-system-condensing-,1.9,1.9,4.9,,#5ad7d2,,,,
equipment,"VRF outdoor unit, 8 ton module VRV IV / VRV EMERION",Daikin,vrf,4.1,2.5,5.4,,#5ad7d2,,,,
equipment,"VRF outdoor unit, 16 ton twinned VRV IV twin module",Daikin,vrf,8.2,2.5,5.4,,#5ad7d2,,,,
equipment,"VRF outdoor unit, 10 ton module CITY MULTI PURY (YNU)",Mitsubishi Electric,vrf,4.1,2.4,5.6,,#5ad7d2,,,,
equipment,Water-source VRF unit CITY MULTI PQHY-P72,Mitsubishi Electric,vrf,2.9,1.8,3.6,,#5ad7d2,,,,
equipment,"VRF ceiling cassette, 2x2 FXFQ / VISTA",Daikin,vrf,1.9,1.9,0.85,,#5ad7d2,,,,
equipment,VRF branch controller box CMB-P series BC controller,Mitsubishi Electric,vrf,3.6,1.9,0.95,,#5ad7d2,,,,
equipment,"Air-cooled scroll chiller, 30 ton CGAM 030",Trane,chiller-air-cooled,10.3,7.3,6.6,,#5ad7d2,,,,
equipment,"Air-cooled scroll chiller, 90 ton CGAM 090",Trane,chiller-air-cooled,17.5,7.4,7.7,,#5ad7d2,,,,
equipment,"Air-cooled screw chiller, 200 ton RTAC 200",Trane,chiller-air-cooled,24,7.4,8,,#5ad7d2,,,,
equipment,"Air-cooled screw chiller, 300 ton Sintesis RTAF 300",Trane,chiller-air-cooled,31,7.4,8.2,,#5ad7d2,,,,
equipment,"Air-cooled screw chiller, 150 ton YVAA 150",York,chiller-air-cooled,18.5,7.4,8.2,,#5ad7d2,,,,
equipment,"Air-cooled screw chiller, 450 ton YVAA 450",York,chiller-air-cooled,40,7.4,8.2,,#5ad7d2,,,,
equipment,"Air-cooled screw chiller, 300 ton AquaForce 30XV300",Carrier,chiller-air-cooled,30,7.4,8.3,,#5ad7d2,,,,
equipment,"Air-cooled screw chiller, 500 ton AquaForce 30XA500",Carrier,chiller-air-cooled,44,7.4,8.2,,#5ad7d2,,,,
equipment,"Centrifugal water-cooled chiller, 1000 ton YK",York,chiller-water-cooled,17,9,10,,#5ad7d2,,,,
equipment,"Centrifugal water-cooled chiller, 1500 ton CenTraVac CVHF",Trane,chiller-water-cooled,20,10,11,,#5ad7d2,,,,
equipment,"Water-cooled screw chiller, 200 ton RTWD 200",Trane,chiller-water-cooled,12,5.5,6.5,,#5ad7d2,,,,
equipment,"Induced-draft cooling tower cell, 250 ton NC Class NC8403",SPX Marley,cooling-tower,12.1,8.6,13.6,,#5ad7d2,,,,
equipment,"Induced-draft cooling tower cell, 500 ton NC Class NC8409+",SPX Marley,cooling-tower,18,11.9,16,,#5ad7d2,,,,
equipment,"Induced-draft cooling tower cell, 600 ton Series 3000",BAC,cooling-tower,18,12,19.7,,#5ad7d2,,,,
equipment,"Counterflow cooling tower cell, 200 ton AT Series",Evapco,cooling-tower,12,8.5,13.5,,#5ad7d2,,,,
equipment,"Counterflow cooling tower cell, 500 ton AT Series large cell",Evapco,cooling-tower,21.5,12,18,,#5ad7d2,,,,
equipment,"Forced-draft compact tower, 50 ton VTL Series",BAC,cooling-tower,8.8,4.3,9,,#5ad7d2,,,,
equipment,Closed-circuit fluid cooler cell FXV Series,BAC,cooling-tower,24,12,15,,#5ad7d2,,,,
equipment,"Downflow CRAC, 35 kW Liebert DS035",Vertiv,crac-crah,6.1,2.9,6.4,,#5ad7d2,,,,
equipment,"Downflow CRAC, 105 kW Liebert DS105",Vertiv,crac-crah,8.8,2.9,6.4,,#5ad7d2,,,,
equipment,"Packaged high-efficiency CRAC, 165 kW Liebert DSE165",Vertiv,crac-crah,10.3,3.2,6.5,,#5ad7d2,,,,
equipment,"Compact DX cooling unit, 29 kW Liebert PDX029",Vertiv,crac-crah,2.9,2.9,6.5,,#5ad7d2,,,,
equipment,"Chilled water CRAH, 150 kW Liebert CW146",Vertiv,crac-crah,8.8,2.9,6.4,,#5ad7d2,,,,
equipment,"Precision cooling unit, 100 kW CyberAir 3PRO",Stulz,crac-crah,8.2,2.9,6.5,,#5ad7d2,,,,
equipment,"Precision cooling unit, 30 kW CyberOne DX",Stulz,crac-crah,4.3,2.9,6.4,,#5ad7d2,,,,
equipment,"In-row cooling unit, 300mm Liebert CRV CRD25",Vertiv,in-row-cooling,3.6,1,6.6,,#5ad7d2,,,,
equipment,"In-row cooling unit, 600mm Liebert CRV CRD35",Vertiv,in-row-cooling,3.6,2,6.6,,#5ad7d2,,,,
equipment,"In-row chilled water unit, 300mm InRow RC ACRC301S",APC by Schneider Electric,in-row-cooling,3.9,1,6.5,,#5ad7d2,,,,
equipment,"In-row DX unit, 600mm InRow RD",APC by Schneider Electric,in-row-cooling,3.6,2,6.5,,#5ad7d2,,,,
equipment,"Modular AHU, 3,000 CFM AeroSystem 39M",Carrier,air-handler,8,4.6,4,,#5ad7d2,,,,
equipment,"Modular AHU, 10,000 CFM Performance Climate Changer CSAA",Trane,air-handler,16,7.3,6.3,,#5ad7d2,,,,
equipment,"Modular AHU, 25,000 CFM Vision CAH",Daikin,air-handler,26,10,8,,#5ad7d2,,,,
equipment,"Modular AHU, 50,000 CFM Solution XT",York,air-handler,36,13,10.5,,#5ad7d2,,,,
equipment,"Custom AHU, 100,000 CFM custom built-up",Haakon,air-handler,50,16,14,,#5ad7d2,,,,
equipment,"Direct gas-fired makeup air unit, 5,000 CFM DG/DGX",Greenheck,mau-doas,11,4.3,4.3,,#5ad7d2,,,,
equipment,"Blow-through space heater/MAU, 10,000 CFM S-Series",Cambridge Air Solutions,mau-doas,16,5,5.5,,#5ad7d2,,,,
equipment,"Packaged DOAS with energy wheel, 4,000 CFM RVE",Greenheck,mau-doas,15,6.8,5.9,,#5ad7d2,,,,
equipment,"Packaged DOAS, 10 ton RN with DOAS config",AAON,mau-doas,14,7.3,6,,#5ad7d2,,,,
equipment,"Packaged DOAS, 3,000 CFM VX Series",Valent,mau-doas,12,5.3,4.6,,#5ad7d2,,,,
equipment,"Condensing boiler, 400 MBH Knight XL KBX400",Lochinvar,boiler,3.6,1.5,4.2,,#5ad7d2,,,,
equipment,"Condensing boiler, 2,500 MBH Crest FBN2501",Lochinvar,boiler,7.3,3.7,6.6,,#5ad7d2,,,,
equipment,"Condensing boiler, 2,000 MBH Benchmark 2000",AERCO,boiler,4.5,2.3,6.5,,#5ad7d2,,,,
equipment,"Condensing boiler, 3,000 MBH CFC-E 3000",Cleaver-Brooks,boiler,6.5,3.8,6.9,,#5ad7d2,,,,
equipment,"Firetube boiler, 250 HP CB Series 250HP",Cleaver-Brooks,boiler,17,7,8.5,,#5ad7d2,,,,
equipment,"Condensing boiler, 2,000 MBH vertical Endura+ EDR2000",Fulton,boiler,4.5,3.5,6.5,,#5ad7d2,,,,
equipment,"Base-mounted end suction pump, 5 HP e-1510 small frame",Bell & Gossett,pump,3.5,1.8,2,,#5ad7d2,,,,
equipment,"Base-mounted end suction pump, 50 HP e-1510 large frame",Bell & Gossett,pump,6,2.5,3.2,,#5ad7d2,,,,
equipment,"Vertical inline pump, 10 HP 4300 Series",Armstrong,pump,1.8,1.8,3.5,,#5ad7d2,,,,
equipment,Vertical multistage pump CR Series,Grundfos,pump,1.1,0.9,4.5,,#5ad7d2,,,,
equipment,"Double-suction split-case pump, 100 HP VSX Series",Bell & Gossett,pump,6.5,3.3,3.3,,#5ad7d2,,,,
equipment,"Drainable wall louver, 4x4 module ELF375DX",Ruskin,louver,4,0.33,4,,#5ad7d2,,,,
equipment,"Stationary drainable louver, 6x4 ESD-435",Greenheck,louver,6,0.36,4,,#5ad7d2,,,,
equipment,"Acoustical louver, 4x4 module 12 in deep acoustical",generic,louver,4,1,4,,#5ad7d2,,,,
equipment,Centrifugal roof exhaust fan G-097,Greenheck,exhaust-fan,2.2,2.2,1.9,,#5ad7d2,,,,
equipment,Upblast kitchen exhaust fan CUBE-180,Greenheck,exhaust-fan,3,3,3.3,,#5ad7d2,,,,
equipment,Utility set fan USF-300,Greenheck,exhaust-fan,3.5,3,3.5,,#5ad7d2,,,,
equipment,Lab/high-plume exhaust fan Vektor-H,Greenheck,exhaust-fan,5,4,12,,#5ad7d2,,,,
equipment,Square inline fan SQ-130,Greenheck,exhaust-fan,2,2,2,,#5ad7d2,,,,
equipment,Sidewall propeller fan AER/SE1 series,Greenheck,exhaust-fan,3,1.5,3,,#5ad7d2,,,,
equipment,"HVLS ceiling fan, 24 ft Powerfoil X4",Big Ass Fans,exhaust-fan,24,24,3,,#5ad7d2,,,,
equipment,Flat-coil dry cooler Liebert DD/DDNT,Vertiv,dry-cooler,20,7.5,8,,#5ad7d2,,,,
equipment,V-coil dry cooler GFD/GFW V-bank,Guntner,dry-cooler,24,8,8.5,,#5ad7d2,,,,
equipment,Adiabatic cooler eco-Air Series,Evapco,dry-cooler,24,8,10,,#5ad7d2,,,,
equipment,Active rear-door heat exchanger ChilledDoor,Motivair,rear-door-heat-exchanger,2,0.75,6.9,,#5ad7d2,,,,
equipment,Passive rear-door coil Liebert DCD,Vertiv,rear-door-heat-exchanger,2,0.7,6.6,,#5ad7d2,,,,
equipment,Fan array cube module FANWALL TECHNOLOGY,Nortek Air Solutions,fan-wall,3,2.5,3,,#5ad7d2,,,,
equipment,"Data hall fan wall unit, 250 kW perimeter fan wall CRAH",generic,fan-wall,12,5,10,,#5ad7d2,,,,
equipment,"Data hall fan wall unit, 500 kW large fan wall air handler",generic,fan-wall,20,6,12,,#5ad7d2,,,,
equipment,"Single-duct VAV box, size 8 DESV",Titus,terminal-unit,3,1.8,1.1,,#5ad7d2,,,,
equipment,VAV box with hot water reheat SDV with HW coil,Price Industries,terminal-unit,4,1.9,1.1,,#5ad7d2,,,,
equipment,Parallel fan-powered box DTQP,Titus,terminal-unit,4,3.3,1.5,,#5ad7d2,,,,
equipment,"Horizontal water-source heat pump, 3 ton Tranquility TCH036",ClimateMaster,fan-coil-wshp,4.2,1.9,1.6,,#5ad7d2,,,,
equipment,Vertical stacked fan coil / heat pump riser unit hi-rise ver,IEC (International Environmental),fan-coil-wshp,1.9,1.9,8,,#5ad7d2,,,,
equipment,"Horizontal ceiling fan coil, 2-pipe horizontal concealed FCU",generic,fan-coil-wshp,3.8,2.1,1,,#5ad7d2,,,,
equipment,"Packaged energy recovery ventilator, 2,000 CFM EV/HE Premium",RenewAire,erv,6,3,3.3,,#5ad7d2,,,,
equipment,Air-cooled remote condenser Liebert MC,Vertiv,remote-condenser,7.6,3.9,3.6,,#5ad7d2,,,,
equipment,"Commercial condensing gas water heater, 100 gal / 199 MBH Cy",AO Smith,water-heaters,2.4,2.4,5.9,,#c0c8d0,,,,
equipment,"Commercial condensing gas water heater, 119 gal / 500 MBH Cy",AO Smith,water-heaters,2.9,2.9,6.4,,#c0c8d0,,,,
equipment,"Commercial gas water heater, 100 gal / 199 MBH Universal G10",Rheem,water-heaters,2.4,2.4,6,,#c0c8d0,,,,
equipment,"Commercial electric water heater, 120 gal ELD-120 (Universal",Rheem,water-heaters,2.4,2.4,5.3,,#c0c8d0,,,,
equipment,"Condensing tankless water heater, wall-hung 199 MBH NPE-240A",Navien,water-heaters,1.5,1.2,2.3,,#c0c8d0,,,,
equipment,"Tankless rack system, free-standing 5-unit bank TRS Tankless",Rinnai,water-heaters,6,3,6.8,,#1f2937,,,,
equipment,"Jacketed vertical hot water storage tank, 120 gal TJV-120M",AO Smith,water-heaters,2.6,2.6,5.4,,#c0c8d0,,,,
equipment,"Residential electric water heater, 50 gal (in-unit) 50-gal t",generic,water-heaters,1.9,1.9,4.8,,#c0c8d0,,,,
equipment,"Packaged variable-speed booster set, duplex Hydro MPC-E (2x ",Grundfos,booster-pumps,4,2.6,5,,#c0c8d0,,,,
equipment,Triplex domestic booster pump skid Technoforce e-HV package,Bell & Gossett,booster-pumps,7,3.5,6,,#c0c8d0,,,,
equipment,Domestic water booster / water entry room typical room,generic,booster-pumps,12,10,9,,#c0c8d0,,,,
equipment,"Reduced pressure zone backflow preventer, 2 in 975XL2",Zurn Wilkins,backflow-preventers,1.8,0.8,1.2,,#c0c8d0,,,,
equipment,"Reduced pressure zone backflow preventer, 3 in LF909",Watts,backflow-preventers,2.9,1.2,2,,#c0c8d0,,,,
equipment,"Reduced pressure zone backflow preventer, 4 in 375A",Zurn Wilkins,backflow-preventers,3.8,1.5,2.5,,#c0c8d0,,,,
equipment,"Reduced pressure zone backflow preventer, 6 in 994 / 957 ser",Watts,backflow-preventers,4.9,1.8,3,,#c0c8d0,,,,
equipment,"Reduced pressure zone backflow preventer, 10 in 375AST",Zurn Wilkins,backflow-preventers,6.8,2.5,3.5,,#c0c8d0,,,,
equipment,"Electric horizontal split-case fire pump skid, 500 GPM AE se",Peerless,fire-pumps,6,3,4,,#c0c8d0,,,,
equipment,"Electric horizontal split-case fire pump skid, 1000 GPM AE s",Peerless,fire-pumps,8,3.5,4.5,,#c0c8d0,,,,
equipment,"Vertical inline electric fire pump, 500 GPM PVF vertical inl",Peerless,fire-pumps,2.5,2.5,6.5,,#c0c8d0,,,,
equipment,"Diesel fire pump skid, 1500 GPM horizontal split-case w/ die",Patterson,fire-pumps,10,4.5,6,,#c0c8d0,,,,
equipment,"Diesel fire pump skid, 2500 GPM horizontal split-case w/ die",Patterson,fire-pumps,12.5,5.5,6.5,,#c0c8d0,,,,
equipment,"Fire pump room, typical NFPA 20 room",generic,fire-pumps,20,15,10,,#c0c8d0,,,,
equipment,"Fire sprinkler riser room, typical",generic,fire-riser-rooms,8,6,10,,#c0c8d0,,,,
equipment,"Hydromechanical grease interceptor, 75 GPM Great Basin GB-75",Schier,grease-interceptors,4,3.8,3.9,,#c0c8d0,,,,
equipment,"Hydromechanical grease interceptor, 100 GPM class Great Basi",Schier,grease-interceptors,6,5,5.3,,#c0c8d0,,,,
equipment,Large-capacity grease interceptor Great Basin GB-500,Schier,grease-interceptors,9,5.5,6,,#c0c8d0,,,,
equipment,"Precast concrete grease interceptor, 1500 gal precast two-co",generic,grease-interceptors,10,6,6.5,,#c0c8d0,,,,
equipment,"Compound/omni water meter, 2 in OMNI C2 2 in",Sensus,water-meters,1.4,0.7,0.9,,#c0c8d0,,,,
equipment,"Compound/omni water meter, 6 in OMNI C2 6 in",Sensus,water-meters,2,1.2,1.5,,#c0c8d0,,,,
equipment,"Precast water meter vault, 4-8 in service precast vault",generic,water-meters,10,6,7,,#c0c8d0,,,,
equipment,"Commercial diaphragm gas meter set, ~630-1000 CFH AC-630 cla",Itron / American Meter,gas-meters,3,1.5,3.5,,#c0c8d0,,,,
equipment,"Rotary gas meter set, 3000-11000 CFH 3M-11M rotary series",Dresser (Roots),gas-meters,5,2,4.5,,#c0c8d0,,,,
equipment,Gas regulator station / multi-meter manifold multifamily met,generic,gas-meters,10,1.5,6,,#c0c8d0,,,,
equipment,"Rotary screw air compressor, 40 HP class GA 30+",Atlas Copco,compressed-air,5,3,5.5,,#c0c8d0,,,,
equipment,"Rotary screw air compressor, 100 HP class GA 75 VSD+",Atlas Copco,compressed-air,7.5,4,6.5,,#c0c8d0,,,,
equipment,"Rotary screw air compressor, 60 HP class RS45i",Ingersoll Rand,compressed-air,6.1,3.5,5.9,,#c0c8d0,,,,
equipment,"Vertical air receiver tank, 400 gal ASME vertical receiver",generic,compressed-air,3,3,10,,#c0c8d0,,,,
equipment,"Reverse osmosis skid, 25-50 GPM 2-pass RO skid",generic,process-water,10,4,7,,#c0c8d0,,,,
equipment,Packaged deionized/process water system Vantage RO series,Evoqua,process-water,12,4,7,,#c0c8d0,,,,
equipment,"Stationary trash compactor, 2 cu yd charge RJ-250",Marathon,trash-compactors,10.6,5.3,4.4,,#c0c8d0,,,,
equipment,Apartment chute-fed compactor RJ-88SC,Marathon,trash-compactors,5,3.5,4.5,,#c0c8d0,,,,
equipment,"Self-contained compactor, 34 yd self-contained series",Marathon,trash-compactors,23,8,8.5,,#c0c8d0,,,,
equipment,Vertical cardboard baler V-6030,Marathon,trash-compactors,6.3,3.5,13,,#c0c8d0,,,,
equipment,"Roll-off container, 40 yd open top 40 yd roll-off",generic,trash-compactors,22,8,7.5,,#c0c8d0,,,,
equipment,Vehicle restraint (trailer lock) Dok-Lok VBR series,Rite-Hite,loading-dock,2,1.5,2.5,,#c0c8d0,,,,
equipment,Dock seal / shelter for 9x10 ft door compression dock seal,generic,loading-dock,11,1,12,,#c0c8d0,,,,
equipment,"Dumpster enclosure, single 8 yd CMU enclosure",generic,site-utility,14,12,6,,#c0c8d0,,,,
equipment,"Dumpster enclosure, double (trash + recycle) CMU enclosure",generic,site-utility,24,12,6,,#c0c8d0,,,,
equipment,"Compactor enclosure / service yard, multifamily screened ser",generic,site-utility,40,15,8,,#c0c8d0,,,,
equipment,Post indicator valve (PIV) and fire dept connection (FDC) PI,generic,site-utility,1,1,3,,#c0c8d0,,,,
equipment,"Demountable wall, solid/glass hybrid DIRTT Wall",DIRTT,partitions,4,0.35,9,,#9a8cff,,,,
equipment,"Demountable glass wall, single-glazed Tek Vue",Teknion,partitions,4,0.15,9,,#9a8cff,,,,
equipment,"Operable partition, paired-panel Acousti-Seal 932",Modernfold,partitions,4,0.33,10,,#9a8cff,,,,
equipment,Vertically folding operable wall Classic,Skyfold,partitions,30,0.5,10,,#9a8cff,,,,
equipment,"Toilet partition, standard stall SierraSeries type",Bobrick,partitions,3,5,5.83,,#9a8cff,,,,
equipment,"Toilet partition, ADA stall",generic,partitions,5,5,5.83,,#9a8cff,,,,
equipment,"Hollow metal door, 3070 single SDI-100 A60",generic,doors,3,0.15,7,,#9a8cff,,,,
equipment,"Solid core wood door, 3068",generic,doors,3,0.15,6.67,,#9a8cff,,,,
equipment,"Interior wood door, 2868",generic,doors,2.67,0.11,6.67,,#9a8cff,,,,
equipment,"Hollow metal pair, 6070",generic,doors,6,0.15,7,,#9a8cff,,,,
equipment,"Hollow metal door, 4070 single",generic,doors,4,0.15,7,,#9a8cff,,,,
equipment,"Hollow metal door, 3080 single",generic,doors,3,0.15,8,,#9a8cff,,,,
equipment,"Aluminum storefront door, 3070 medium stile 500 Series type",Kawneer,doors,3,0.17,7,,#9a8cff,,,,
equipment,"Sliding barn door, MF unit",generic,doors,3,0.13,7,,#9a8cff,,,,
equipment,"Server rack enclosure, 42U 600mm NetShelter SX AR3100",APC (Schneider Electric),it-racks,3.51,1.97,6.53,,#1f2937,,,,
equipment,"Server rack enclosure, 48U 600mm NetShelter SX AR3300",APC (Schneider Electric),it-racks,3.51,1.97,7.41,,#1f2937,,,,
equipment,"Server rack enclosure, 42U 750mm wide NetShelter SX AR3150",APC (Schneider Electric),it-racks,3.51,2.46,6.53,,#1f2937,,,,
equipment,"Server rack enclosure, 48U 750x1200mm NetShelter SX AR3347",APC (Schneider Electric),it-racks,3.94,2.46,7.41,,#1f2937,,,,
equipment,"Server rack enclosure, 42U 600mm VR3100",Vertiv,it-racks,3.61,1.97,6.56,,#1f2937,,,,
equipment,"Server rack enclosure, 42U 800mm wide VR3300",Vertiv,it-racks,3.61,2.62,6.56,,#1f2937,,,,
equipment,"2-post open frame relay rack, 7 ft Universal Rack",Chatsworth (CPI),it-racks,1.69,1.25,7,,#1f2937,,,,
equipment,"4-post open frame rack, adjustable depth QuadraRack type",Chatsworth (CPI),it-racks,3,2,7,,#1f2937,,,,
equipment,"Wall-mount network cabinet, 12U",generic,it-racks,2,2,2.1,,#9a8cff,,,,
equipment,"Containment aisle end door, sliding pair",generic,aisle-containment,4,0.3,7.5,,#9a8cff,,,,
equipment,"Selective rack upright frame, 42 in x 20 ft 1100 Series type",Interlake Mecalux,pallet-racking,3.5,0.25,20,,#1f2937,,,,
equipment,"Selective rack upright frame, 42 in x 24 ft Slotted RUR type",Ridg-U-Rak,pallet-racking,3.5,0.25,24,,#1f2937,,,,
equipment,"Selective rack upright frame, 42 in x 30 ft SK2000",Steel King,pallet-racking,3.5,0.25,30,,#1f2937,,,,
equipment,"Drive-in rack lane, 4 pallets deep",Steel King,pallet-racking,18,6,20,,#1f2937,,,,
equipment,"Push-back rack lane, 3 deep",Ridg-U-Rak,pallet-racking,14,9,20,,#1f2937,,,,
equipment,"Cantilever rack column, single-sided",Steel King,pallet-racking,4,4,16,,#1f2937,,,,
equipment,Compression dock seal foam seal type,Rite-Hite,dock-equipment,10,1,11,,#9a8cff,,,,
equipment,Rigid-frame dock shelter S2000 type,Serco,dock-equipment,12,1.5,14,,#9a8cff,,,,
equipment,Vehicle restraint (trailer lock) Dok-Lok,Rite-Hite,dock-equipment,2,1.5,1.5,,#9a8cff,,,,
equipment,Laminated dock bumper,generic,dock-equipment,0.83,0.38,1.67,,#9a8cff,,,,
equipment,"Sectional overhead dock door, 9x10 Thermacore 599 type",Overhead Door,dock-equipment,9,0.17,10,,#9a8cff,,,,
equipment,"Structural steel mezzanine, free-standing custom",Wildeck,mezzanines,25,25,10,,#9a8cff,,,,
equipment,"Mezzanine access stair, IBC",generic,mezzanines,13,3.67,10,,#9a8cff,,,,
equipment,"Mezzanine pallet safety gate, pivot type Pivot Gate type",PS Safety (PS Doors),mezzanines,6,6,7,,#9a8cff,,,,
equipment,"Panel workstation, 6x6 Answer",Steelcase,office-furniture,6,6,4.5,,#9a8cff,,,,
equipment,"Panel workstation, 8x8 Answer",Steelcase,office-furniture,8,8,5.42,,#9a8cff,,,,
equipment,"Panel workstation, 6x6 Canvas Office Landscape",MillerKnoll (Herman Miller),office-furniture,6,6,4.5,,#9a8cff,,,,
equipment,"Benching desk position, 60x30 Ology / Bivi",Steelcase,office-furniture,5,2.5,2.42,,#9a8cff,,,,
equipment,"Height-adjustable desk, 60x30",generic,office-furniture,5,2.5,2.42,,#9a8cff,,,,
equipment,"Conference table, 8-seat",generic,office-furniture,8,4,2.42,,#9a8cff,,,,
equipment,"Conference table, 12-seat",generic,office-furniture,12,5,2.42,,#9a8cff,,,,
equipment,"Boardroom table, 16-seat",generic,office-furniture,16,5.5,2.42,,#9a8cff,,,,
equipment,"Phone booth, 1-person Framery O",Framery,office-furniture,3.35,3.3,7.3,,#9a8cff,,,,
equipment,"Meeting pod, 2-person Framery Q",Framery,office-furniture,7.2,3.9,7.4,,#9a8cff,,,,
equipment,"Meeting pod, 4-6 person Framery 2Q",Framery,office-furniture,7.55,7.2,7.6,,#9a8cff,,,,
equipment,"Lateral file cabinet, 36 in 2-drawer",generic,office-furniture,3,1.5,2.33,,#9a8cff,,,,
equipment,"Lounge sofa, 3-seat",generic,office-furniture,7,3,2.83,,#9a8cff,,,,
equipment,"Day-use locker bank, 6-opening",generic,office-furniture,3,1.5,6,,#9a8cff,,,,
equipment,Kitchen base cabinet run,generic,mf-unit-interior,10,2,3,,#9a8cff,,,,
equipment,Kitchen wall cabinet run,generic,mf-unit-interior,8,1,3,,#9a8cff,,,,
equipment,Kitchen island,generic,mf-unit-interior,6.5,3.25,3,,#9a8cff,,,,
equipment,Stacked washer/dryer closet,generic,mf-unit-interior,2.83,2.83,8,,#9a8cff,,,,
equipment,Side-by-side washer/dryer closet,generic,mf-unit-interior,5.33,2.83,8,,#9a8cff,,,,
equipment,"Full bathroom, 5x8 tub bath",generic,mf-unit-interior,8,5,8,,#9a8cff,,,,
equipment,"Primary bathroom, 5x9-10 shower bath",generic,mf-unit-interior,9.5,5,8,,#9a8cff,,,,
equipment,Walk-in closet,generic,mf-unit-interior,6,5,8,,#9a8cff,,,,
equipment,"Gondola shelving island run, double-sided S-Series type",Lozier,retail-fixtures,24,3.5,4.5,,#9a8cff,,,,
equipment,"Wall gondola shelving, single-sided wall unit",Madix,retail-fixtures,4,2,7,,#9a8cff,,,,
equipment,Gondola end cap unit,Lozier,retail-fixtures,4,2,4.5,,#9a8cff,,,,
equipment,"Checkout counter, cashier lane",generic,retail-fixtures,8,3.3,2.83,,#9a8cff,,,,
equipment,Self-checkout kiosk SelfServ type,NCR Voyix,retail-fixtures,4,2.5,5,,#9a8cff,,,,
equipment,"Walk-in cooler, 8x10 panel walk-in",Kolpak,retail-fixtures,10,8,8.5,,#9a8cff,,,,
equipment,"Walk-in freezer, 10x12 panel walk-in",Norlake,retail-fixtures,12,10,8.5,,#9a8cff,,,,
equipment,"Multideck refrigerated display case, 12 ft Q3 / D5 type",Hussmann,retail-fixtures,12,2.9,6.6,,#9a8cff,,,,
equipment,Round apparel rack,generic,retail-fixtures,3,3,5,,#1f2937,,,,
equipment,4-way apparel rack,generic,retail-fixtures,3,3,5.5,,#1f2937,,,,
equipment,"MRL passenger elevator, 2500 lb MonoSpace 500 (DX)",KONE,elevators-escalators,6.67,4.25,8,,#9a8cff,,,,
equipment,"MRL passenger elevator, 3500 lb Gen2 / Gen3",Otis,elevators-escalators,6.67,5.42,8,,#9a8cff,,,,
equipment,"MRL passenger elevator, 4000 lb 3300 / N series",Schindler,elevators-escalators,7.75,5.42,8,,#9a8cff,,,,
equipment,"Service elevator, 5000 lb hospital-shaped evolution type",TK Elevator,elevators-escalators,9,5.75,9,,#9a8cff,,,,
equipment,"Holeless hydraulic elevator, 2500 lb",generic,elevators-escalators,6.67,4.25,8,,#9a8cff,,,,
equipment,"Freight elevator, 10000 lb Class C",generic,elevators-escalators,12,8.33,10,,#9a8cff,,,,
equipment,"Escalator, 30 deg, 40 in step 9300",Schindler,elevators-escalators,44,5.2,16,,#9a8cff,,,,
equipment,"Escalator, 35 deg, 32 in step TravelMaster 110",KONE,elevators-escalators,37,4.6,16,,#9a8cff,,,,
equipment,"Type I exhaust hood, 10 ft ND-2 series",CaptiveAire,commercial-kitchen,10,4.5,2,,#9a8cff,,,,
equipment,"Type I exhaust hood, 8 ft ND-2 series",CaptiveAire,commercial-kitchen,8,4.5,2,,#9a8cff,,,,
equipment,"Reach-in refrigerator, 2-door T-49",True,commercial-kitchen,4.51,2.48,6.53,,#9a8cff,,,,
equipment,"6-burner range with oven, 60 in 60SS type",Vulcan,commercial-kitchen,5,2.83,4.75,,#9a8cff,,,,
equipment,"Combi oven on stand, full-size iCombi Pro 10-1/1",Rational,commercial-kitchen,2.83,2.92,5.67,,#9a8cff,,,,
equipment,"Stainless work table, 72x30",generic,commercial-kitchen,6,2.5,2.83,,#9a8cff,,,,
equipment,Three-compartment sink,generic,commercial-kitchen,7.5,2.5,3.7,,#9a8cff,,,,
equipment,Door-type dishwasher AM16,Hobart,commercial-kitchen,2.21,2.5,5.6,,#9a8cff,,,,
equipment,"Kitchen walk-in cooler, 6x8 panel walk-in",Kolpak,commercial-kitchen,8,6,7.5,,#9a8cff,,,,
opening,Single-hung window 3x5 250 Series,Pella,double-hung,3,,5,3.0,#ffffff,,,,
opening,Sliding (glider) window 4x3 250 Series,Pella,sliding,4,,3,3.5,#ffffff,,,,
opening,Picture window 4x4 250 Series,Pella,fixed,4,,4,2.5,#ffffff,,,,
opening,Single-hung window 3x5 Impervia,Pella,double-hung,3,,5,3.0,#ffffff,,,,
opening,Casement window 2x4 Impervia,Pella,fixed,2,,4,3.0,#ffffff,,,,
opening,Sliding window 6x4 Impervia,Pella,sliding,6,,4,3.0,#ffffff,,,,
opening,Double-hung window 3x5 Lifestyle Series,Pella,double-hung,3,,5,3.0,#ffffff,,,,
opening,Casement window 2.5x5 Lifestyle Series,Pella,fixed,2.5,,5,2.5,#ffffff,,,,
opening,Picture window 4x4 Lifestyle Series,Pella,fixed,4,,4,2.5,#ffffff,,,,
opening,Single-hung window 3x5 100 Series,Andersen,double-hung,3,,5,3.0,#ffffff,,,,
opening,Gliding window 4x3 100 Series,Andersen,fixed,4,,3,3.5,#ffffff,,,,
opening,Picture window 4x4 100 Series,Andersen,fixed,4,,4,2.5,#ffffff,,,,
opening,Casement window 2x3 100 Series,Andersen,fixed,2,,3,3.5,#ffffff,,,,
opening,Tilt-wash double-hung 3x5 400 Series Tilt-Wash,Andersen,double-hung,3,,5,3.0,#ffffff,,,,
opening,Casement window 2x4 400 Series Casement,Andersen,fixed,2,,4,3.0,#ffffff,,,,
opening,Picture window 4x4 400 Series,Andersen,fixed,4,,4,2.5,#ffffff,,,,
opening,Casement window 2.5x5 Essential,Marvin,fixed,2.5,,5,2.5,#ffffff,,,,
opening,Double-hung window 3x5 Essential,Marvin,double-hung,3,,5,3.0,#ffffff,,,,
opening,Picture window 6x4 Essential,Marvin,fixed,6,,4,2.5,#ffffff,,,,
opening,Double-hung window 3x5 Elevate,Marvin,double-hung,3,,5,3.0,#ffffff,,,,
opening,Casement window 2x4 Elevate,Marvin,fixed,2,,4,3.0,#ffffff,,,,
opening,Picture window 4x4 Elevate,Marvin,fixed,4,,4,2.5,#ffffff,,,,
opening,Single-hung window 3x5 Trinsic (V300),Milgard,double-hung,3,,5,3.0,#ffffff,,,,
opening,Horizontal slider 6x4 Style Line (V250),Milgard,sliding,6,,4,3.0,#ffffff,,,,
opening,Picture window 4x4 Tuscany (V400),Milgard,fixed,4,,4,2.5,#ffffff,,,,
opening,Casement window 2x4 Ultra (C650),Milgard,fixed,2,,4,3.0,#ffffff,,,,
opening,Single-hung window 3x5 V-2500,Jeld-Wen,double-hung,3,,5,3.0,#ffffff,,,,
opening,Sliding window 4x4 V-2500,Jeld-Wen,sliding,4,,4,3.0,#ffffff,,,,
opening,Double-hung window 2x3 Premium Vinyl,Jeld-Wen,double-hung,2,,3,3.5,#ffffff,,,,
opening,Casement window 2x4 Siteline,Jeld-Wen,fixed,2,,4,3.0,#ffffff,,,,
opening,Fixed/vent aluminum window 5x5 4250i INvent,Wausau,fixed,5,,5,2.5,#ffffff,,,,
opening,Window wall vision panel 5x9 YWW 45 TU,YKK AP,fixed,5,,9,0.0,#ffffff,,,,
opening,Window wall module w/ integrated slider 10x9,generic,sliding,10,,9,0.0,#ffffff,,,,
opening,Window wall spandrel panel 5x3,generic,fixed,5,,3,,#ffffff,,,,
opening,Storefront vision lite 5x8 Trifab VersaGlaze 451T,Kawneer,storefront,5,,8,0.0,#ffffff,,,,
opening,Storefront vision lite 5x8 YES 45 FS,YKK AP,storefront,5,,8,0.0,#ffffff,,,,
opening,Storefront vision lite 4x8 T14000,Tubelite,storefront,4,,8,0.0,#ffffff,,,,
opening,Storefront vision lite 5x8 FG-3000,Oldcastle BuildingEnvelope,storefront,5,,8,0.0,#ffffff,,,,
opening,Medium stile entrance door single 3x7 350 Standard Entrance,Kawneer,glass-door,3,,7,0.0,#ffffff,,,,
opening,Medium stile entrance pair 6x7 350 Standard Entrance,Kawneer,glass-door,6,,7,0.0,#ffffff,,,,
opening,Wide stile entrance door single 3x7 500 Wide Stile Entrance,Kawneer,glass-door,3,,7,0.0,#ffffff,,,,
opening,Wide stile entrance pair 6x7 500 Wide Stile Entrance,Kawneer,glass-door,6,,7,0.0,#ffffff,,,,
opening,Narrow stile entrance door single 3x7 190 Narrow Stile Entra,Kawneer,glass-door,3,,7,0.0,#ffffff,,,,
opening,Medium stile entrance pair 6x7 35D,YKK AP,glass-door,6,,7,0.0,#ffffff,,,,
opening,Curtainwall lite module 5x7 1600 Wall System 1,Kawneer,storefront,5,,7,,#ffffff,,,,
opening,Curtainwall lite module 5x6 YCW 750 XT,YKK AP,storefront,5,,6,,#ffffff,,,,
opening,Curtainwall lite module 5x7 5600 Series,EFCO,storefront,5,,7,,#ffffff,,,,
opening,Curtainwall spandrel lite 5x4 Reliance,Oldcastle BuildingEnvelope,storefront,5,,4,,#ffffff,,,,
opening,HM man door single 3x7 w/ frame L-Series,Steelcraft,man-door,3,,7,0.0,#ffffff,,,,
opening,HM man door single 3x7 w/ frame Regent,Ceco Door,man-door,3,,7,0.0,#ffffff,,,,
opening,HM man door single 4x7 w/ frame 707 Series,Curries,man-door,4,,7,0.0,#ffffff,,,,
opening,HM door pair 6x7 w/ frame hollow metal pair,generic,man-door,6,,7,0.0,#ffffff,,,,
opening,Automatic bi-part sliding entrance 12x7.5 Dura-Glide 2000/30,Stanley Access,sliding,12,,7.5,0.0,#ffffff,,,,
opening,Automatic single-slide entrance 8x7.5 Dura-Glide,Stanley Access,glass-door,8,,7.5,0.0,#ffffff,,,,
opening,Automatic bi-part sliding entrance 14x7.5 Besam SL500,ASSA ABLOY Entrance Systems,sliding,14,,7.5,0.0,#ffffff,,,,
opening,Automatic bi-part sliding entrance 12x7.5 2000 Series,Horton Automatics,sliding,12,,7.5,0.0,#ffffff,,,,
opening,Ribbed steel sectional door 8x8 Model 416,Overhead Door,overhead,8,,8,0.0,#ffffff,,,,
opening,Insulated sectional door 10x10 Energy Series (Intellicore),Clopay,overhead,10,,10,0.0,#ffffff,,,,
opening,Insulated sectional door 12x12 ThermoSpan 150,Wayne Dalton,overhead,12,,12,0.0,#ffffff,,,,
opening,Insulated sectional door 12x14 Thermacore 592,Overhead Door,overhead,12,,14,0.0,#ffffff,,,,
opening,Insulated sectional door 14x16 Thermacore 593,Overhead Door,overhead,14,,16,0.0,#ffffff,,,,
opening,Insulated sectional door 16x16 ThermoSpan 200-20V,Wayne Dalton,overhead,16,,16,0.0,#ffffff,,,,
opening,Heavy-duty sectional door 20x18,generic,overhead,20,,18,0.0,#ffffff,,,,
opening,Insulated dock door 9x10 Thermacore 592,Overhead Door,dock,9,,10,4.0,#ffffff,,,,
opening,Impactable knock-out dock door 9x10,TKO,dock,9,,10,,#ffffff,,,,
opening,Insulated dock door 8x10 insulated sectional,generic,dock,8,,10,,#ffffff,,,,
opening,Dock door 9x9 insulated sectional,generic,dock,9,,9,,#ffffff,,,,
opening,High-speed rigid spiral door 12x12,Rytec,fixed,12,,12,0.0,#ffffff,,,,
opening,High-speed fabric roll-up 10x10 PredaDoor NXT,Rytec,overhead,10,,10,0.0,#ffffff,,,,
opening,High-speed spiral door 10x10 Speed-Guardian 4000,Hormann,fixed,10,,10,0.0,#ffffff,,,,
opening,High-speed fabric roll-up 10x10 RR300,Albany (ASSA ABLOY),overhead,10,,10,0.0,#ffffff,,,,
opening,Rolling steel fire door 8x8 FireKing 630 Series,Overhead Door,fixed,8,,8,0.0,#ffffff,,,,
opening,Fire-rated counter shutter 6x4 counter fire shutter,CornellCookson,fixed,6,,4,3.0,#ffffff,,,,
opening,Open-air coiling grille 12x10 VisionAire,CornellCookson,fixed,12,,10,0.0,#ffffff,,,,
opening,Aluminum coiling grille 16x10 Model 671,Overhead Door,fixed,16,,10,0.0,#ffffff,,,,
opening,Side-folding grille 20x10,Dynamic Closures,fixed,20,,10,0.0,#ffffff,,,,
opening,Fixed curb-mount skylight 4x4 FCM,VELUX,fixed,4,,1,,#ffffff,,,,
opening,Unit skylight 4x8,Kingspan Light + Air (Wasco),fixed,8,,1.5,,#ffffff,,,,
opening,Automatic smoke vent 4x4,Bilco,fixed,4,,1,,#ffffff,,,,
opening,Automatic smoke vent 4x8,Bilco,fixed,8,,1,,#ffffff,,,,
opening,Translucent sandwich panel 4x10 translucent panel system,Kalwall,fixed,4,,10,3.0,#ffffff,,,,
opening,Sliding patio door 6x6.83 250 Series,Pella,sliding,6,,6.83,0.0,#ffffff,,,,
opening,Gliding patio door 6x6.83 100 Series,Andersen,sliding,6,,6.83,0.0,#ffffff,,,,
opening,Wood gliding patio door 6x6.67 400 Series Frenchwood Gliding,Andersen,sliding,6,,6.67,0.0,#ffffff,,,,
opening,Sliding patio door 8x6.83 Trinsic (V300),Milgard,sliding,8,,6.83,0.0,#ffffff,,,,
opening,Multi-slide door 12x8 Series 600 Multi-Slide,Western Window Systems,sliding,12,,8,0.0,#ffffff,,,,
opening,Stationary drainable louver 4x4 ELF375DX,Ruskin,fixed,4,,4,3.0,#ffffff,,,,
opening,Stationary louver 4x4 ESD-435,Greenheck,fixed,4,,4,,#ffffff,,,,
opening,Wind-driven rain louver 8x4 module EVH-501,Greenheck,fixed,8,,4,3.0,#ffffff,,,,
opening,Precast knock-out panel 12x14,generic,fixed,12,,14,0.0,#ffffff,,,,
opening,Precast knock-out panel 10x10,generic,fixed,10,,10,0.0,#ffffff,,,,
opening,Storefront door lite w/ transom 3x10 Trifab VersaGlaze 451T,Kawneer,storefront,3,,10,0.0,#ffffff,,,,
opening,HM man door single 3x7 fire-rated L-Series (90-min),Steelcraft,man-door,3,,7,0.0,#ffffff,,,,
opening,Horizontal ribbon window 8x5 aluminum ribbon window,generic,fixed,8,,5,2.5,#ffffff,,,,
preset,Aligned Data Centers Scale campus building,Aligned Data Centers,datacenter,900,390,,,,1,18,3,concrete
preset,Compass Datacenters 36 MW bank building,Compass Datacenters,datacenter,800,375,,,,1,16,3,concrete
preset,CyrusOne Massively modular data center,CyrusOne,datacenter,850,470,,,,1,16,3,concrete
preset,Digital Realty Turn-Key Flex multi-hall building,Digital Realty,datacenter,500,250,,,,2,15,3,concrete
preset,EdgeConneX Edge / build-to-suit infill data center,EdgeConneX,datacenter,400,250,,,,1,14,3,metal
preset,Flexential Retail/wholesale colo building,Flexential,datacenter,450,220,,,,1,14,3,concrete
preset,Google Hyperscale two-story build,Google,datacenter,900,280,,,,2,18,3,metal
preset,Meta H-type hyperscale fulfillment (classic H building),Meta,datacenter,1000,450,,,,1,16,3,metal
preset,Microsoft Hyperscale standard build,Microsoft,datacenter,800,310,,,,1,16,3,concrete
preset,NTT Global Data Centers Two-story 36 MW building,NTT Global Data Centers,datacenter,500,250,,,,2,15,3,concrete
preset,QTS Freedom design mega data center,QTS,datacenter,1000,500,,,,2,16,3,concrete
preset,STACK Infrastructure Hyperscale campus building,STACK Infrastructure,datacenter,700,360,,,,1,16,3,metal
preset,Vantage Data Centers V-series campus building,Vantage Data Centers,datacenter,400,250,,,,2,16,3,metal
preset,generic Powered shell data center,generic,datacenter,700,285,,,,1,16,3,concrete
preset,Amazon Robotics fulfillment center (4-story AR sortable),Amazon,industrial,720,630,,,,4,36,3,concrete
preset,Amazon Fulfillment center (single-story sortable legacy),Amazon,industrial,1400,700,,,,1,36,3,concrete
preset,Amazon Sortation center,Amazon,industrial,940,320,,,,1,36,3,concrete
preset,Amazon Delivery station (last mile),Amazon,industrial,800,220,,,,1,28,3,concrete
preset,Ambrose Property Group Rear-load spec,Ambrose Property Group,industrial,1000,250,,,,1,32,3,concrete
preset,Clarion Partners Rear-load institutional spec,Clarion Partners,industrial,1200,250,,,,1,32,3,concrete
preset,Crow Holdings Spec cross-dock,Crow Holdings,industrial,700,500,,,,1,36,3,concrete
preset,"Duke Realty (legacy, now Prologis) Modern bulk spec","Duke Realty (legacy, now Prologis)",industrial,900,520,,,,1,36,3,concrete
preset,EQT Exeter Big-box regional distribution,EQT Exeter,industrial,1300,600,,,,1,40,3,concrete
preset,FedEx Ground Regional sortation hub,FedEx Ground,industrial,1200,350,,,,1,36,3,metal
preset,FedEx Ground Local station (last mile),FedEx Ground,industrial,600,200,,,,1,30,3,concrete
preset,First Industrial Rear-load regional distribution,First Industrial,industrial,920,240,,,,1,32,3,concrete
preset,IDI Logistics Cross-dock bulk,IDI Logistics,industrial,1000,550,,,,1,36,3,concrete
preset,Link Logistics Infill last-mile rear-load,Link Logistics,industrial,700,170,,,,1,28,3,concrete
preset,Majestic Realty Large bulk distribution (Inland Empire forma,Majestic Realty,industrial,1050,570,,,,1,36,3,concrete
preset,Panattoni Cross-dock spec bulk,Panattoni,industrial,900,560,,,,1,38,3,concrete
preset,Panattoni Rear-load spec,Panattoni,industrial,830,240,,,,1,32,3,concrete
preset,Prologis Regional distribution cross-dock bulk,Prologis,industrial,1040,570,,,,1,40,3,concrete
preset,Prologis Rear-load bulk distribution,Prologis,industrial,760,240,,,,1,32,3,concrete
preset,Prologis Last-mile infill / city distribution,Prologis,industrial,620,160,,,,1,28,3,concrete
preset,Prologis Multi-story urban logistics (Georgetown Crossroads ,Prologis,industrial,700,260,,,,3,28,3,concrete
preset,Trammell Crow Company Spec cross-dock distribution,Trammell Crow Company,industrial,750,520,,,,1,36,3,concrete
preset,VanTrust Real Estate Large cross-dock bulk,VanTrust Real Estate,industrial,1200,580,,,,1,40,3,concrete
preset,generic Shallow-bay multi-tenant industrial,generic,industrial,600,150,,,,1,26,3,concrete
preset,generic LTL truck terminal / freight cross-dock,generic,industrial,600,75,,,,1,20,3,metal
preset,Alliance Residential Broadstone 5-over-1 podium luxury mid-r,Alliance Residential,mf,350,200,,,,6,10.5,3,metal
preset,AvalonBay Avalon suburban podium mid-rise,AvalonBay,mf,400,200,,,,5,10.5,3,brick
preset,AvalonBay AVA urban infill 5-over-1,AvalonBay,mf,250,150,,,,6,10.5,3,metal
preset,AvalonBay Kanso streamlined unstaffed community,AvalonBay,mf,300,66,,,,4,10.5,3,siding
preset,Camden Texas donut 4-story garage wrap,Camden,mf,400,300,,,,4,10.5,3,brick
preset,Cortland 4-story garage-wrap community,Cortland,mf,380,280,,,,4,10.5,3,brick
preset,Fairfield Garden 3-story walkup community building,Fairfield,mf,195,65,,,,3,9.8,3,eifs
preset,Greystar 5-over-1 podium wrap mid-rise (Elan/branded urban p,Greystar,mf,380,230,,,,6,10.5,3,brick
preset,Greystar Overture active-adult (55+) 4-story elevator buildi,Greystar,mf,340,75,,,,4,10.5,3,siding
preset,LMC (Lennar Multifamily / Quarterra) Urban 5-over-2 mixed-us,LMC (Lennar Multifamily / Quarterra),mf,340,230,,,,7,10.5,3,metal
preset,MAA Sunbelt 4-story surface-parked elevator building,MAA,mf,300,66,,,,4,10.2,3,brick
preset,Mill Creek Residential Modera 5-over-2 podium mid-rise,Mill Creek Residential,mf,320,210,,,,7,10.5,3,metal
preset,Related Luxury high-rise tower,Related,mf,140,86,,,,40,10.8,3,curtainwall
preset,Toll Brothers Apartment Living 6-story podium mid-rise,Toll Brothers Apartment Living,mf,320,190,,,,6,10.5,3,brick
preset,Trammell Crow Residential Alexan 4-story garage wrap,Trammell Crow Residential,mf,390,290,,,,4,10.5,3,brick
preset,Trammell Crow Residential Alexan high-rise concrete tower,Trammell Crow Residential,mf,145,90,,,,25,10.5,3,metal
preset,Wood Partners Alta garden 3-story walkup building,Wood Partners,mf,190,65,,,,3,9.8,3,siding
preset,Wood Partners Alta 5-over-1 podium mid-rise,Wood Partners,mf,330,190,,,,6,10.5,3,metal
preset,ZOM Living Florida 8-story concrete mid-rise with wrap garag,ZOM Living,mf,380,260,,,,8,10.2,3,concrete
preset,generic 5-over-1 double-loaded corridor bar (reference massi,generic,mf,300,66,,,,6,10.5,3,metal
preset,generic Texas donut reference block,generic,mf,420,300,,,,4,10.5,3,brick
preset,generic Residential high-rise floorplate (reference),generic,mf,150,88,,,,1,10.5,3,concrete
preset,BXP (Boston Properties) Class A CBD tower,BXP (Boston Properties),office,200,130,,,,30,13.5,3,metal
preset,Granite Properties Suburban Class A (Granite Park type),Granite Properties,office,230,122,,,,11,13.5,3,curtainwall
preset,Hines T3 mass timber office,Hines,office,220,150,,,,7,13,3,metal
preset,Hines Trophy Class A high-rise,Hines,office,190,130,,,,45,14,3,curtainwall
preset,Related Companies Large-format mixed-use office tower (Hudso,Related Companies,office,220,140,,,,50,14,3,curtainwall
preset,Skanska Urban spec office mid/high-rise,Skanska,office,220,130,,,,12,13.5,3,curtainwall
preset,generic Class A suburban office (4-6 story),generic,office,250,112,,,,5,13.5,3,concrete
preset,generic Medical office building (3-story),generic,office,210,120,,,,3,14,3,brick
preset,generic Flex / creative office (industrial conversion format,generic,office,400,150,,,,1,24,3,concrete
preset,generic Corporate campus low-rise,generic,office,320,156,,,,3,14,3,metal
preset,generic 2-story suburban spec office,generic,office,245,122,,,,2,13,3,concrete
preset,generic Mid-rise office over retail podium,generic,office,220,120,,,,8,13,3,curtainwall
preset,7-Eleven Standard convenience store,7-Eleven,retail,62,50,,,,1,12,3,brick
preset,Aldi Small-format discount grocery,Aldi,retail,172,110,,,,1,16,3,metal
preset,Bank of America Freestanding branch pad,Bank of America,retail,82,55,,,,1,12,3,brick
preset,Buc-ee's Travel center superstore,Buc-ee's,retail,300,177,,,,1,20,3,concrete
preset,CVS Freestanding drugstore,CVS,retail,125,88,,,,1,14,3,brick
preset,Chase Freestanding branch pad,Chase,retail,65,52,,,,1,12,3,metal
preset,Chick-fil-A Freestanding drive-thru pad,Chick-fil-A,retail,90,55,,,,1,12,3,brick
preset,Chipotle Chipotlane drive-thru prototype,Chipotle,retail,64,38,,,,1,12,3,metal
preset,Costco Warehouse club,Costco,retail,400,370,,,,1,30,3,concrete
preset,Dollar General Standard freestanding store,Dollar General,retail,130,70,,,,1,13,3,metal
preset,Dollar Tree Freestanding/inline store,Dollar Tree,retail,125,80,,,,1,13,3,eifs
preset,Home Depot Big-box home improvement,Home Depot,retail,420,250,,,,1,26,3,concrete
preset,Kroger Marketplace large-format,Kroger,retail,410,300,,,,1,22,3,concrete
preset,Kroger Standard combo supermarket,Kroger,retail,325,200,,,,1,20,3,eifs
preset,Lidl US-format discount grocery,Lidl,retail,200,145,,,,1,18,3,metal
preset,Lowe's Big-box home improvement,Lowe's,retail,430,260,,,,1,26,3,concrete
preset,McDonald's Freestanding drive-thru,McDonald's,retail,85,51,,,,1,12,3,concrete
preset,Publix Standard supermarket,Publix,retail,240,190,,,,1,18,3,eifs
preset,QuikTrip Generation 3 convenience store + fuel,QuikTrip,retail,80,62,,,,1,14,3,brick
preset,Raising Cane's Freestanding drive-thru,Raising Cane's,retail,74,45,,,,1,12,3,brick
preset,Sam's Club Warehouse club,Sam's Club,retail,410,332,,,,1,28,3,concrete
preset,Sheetz Convenience store + fuel,Sheetz,retail,94,65,,,,1,14,3,metal
preset,Starbucks Drive-thru cafe pad,Starbucks,retail,62,36,,,,1,12,3,metal
preset,Target Standard full-size store,Target,retail,420,310,,,,1,22,3,concrete
preset,Trader Joe's Neighborhood grocery,Trader Joe's,retail,130,100,,,,1,14,3,concrete
preset,Walgreens Freestanding drugstore,Walgreens,retail,145,100,,,,1,14,3,brick
preset,Walmart Supercenter,Walmart,retail,540,330,,,,1,24,3,concrete
preset,Walmart Neighborhood Market,Walmart,retail,240,175,,,,1,18,3,concrete
preset,Wawa Convenience store + fuel,Wawa,retail,91,65,,,,1,14,3,brick
preset,Whole Foods Standard store,Whole Foods,retail,250,160,,,,1,18,3,metal
preset,generic 1-story strip center (unanchored),generic,retail,215,65,,,,1,15,3,brick
preset,generic Grocery-anchored neighborhood center,generic,retail,650,180,,,,1,18,3,brick
preset,generic Power center junior anchor box,generic,retail,165,150,,,,1,20,3,concrete
preset,generic Fuel canopy (c-store companion structure),generic,retail,130,60,,,,1,18,3,concrete
